{
    "clip_Studio": 0.0827466315604658,
    "clip_Anchor": 0.06777423203216462,
    "NeutralSentProb": 0.04632033328081053,
    "clip_Outdoor": 0.04494976390344842,
    "clip_Layperson": 0.044942939454540344,
    "clip_Indoor": 0.04235923584056353,
    "clip_Celeb": 0.03709583047854482,
    "clip_Voiceover": 0.03653794620769772,
    "clip_ExpOth": 0.03559887762632884,
    "clip_PoliceFrwr": 0.03366503174736024,
    "clip_ExpMedicine": 0.024731357773918845,
    "clip_Speech": 0.024225854254231353,
    "clip_Reporter": 0.023813255605613405,
    "pos_PRON": 0.02363362131993163,
    "clip_Interview": 0.022870059575006402,
    "pos_PROPN": 0.02216625272681875,
    "clip_DoctorNurse": 0.02195278193921576,
    "Avg_Shotdensity": 0.020364805919541984,
    "clip_Polit": 0.019755360768811247,
    "speaker_before_img_sim": 0.01957451545234795,
    "clip_Talkinghead": 0.018958624904826974,
    "clip_Xcov": 0.018647415062415056,
    "clip_PolitRight": 0.01745355809712138,
    "clip_4cov": 0.017051528797735672,
    "NegativeSentProb": 0.015363923546794478,
    "clip_Polit-n-de": 0.01486210718394304,
    "LengthOfSpeech": 0.013637390379817852,
    "clip_PolitAmpel": 0.012910386476082577,
    "speaker_after_img_sim": 0.012567779191717185,
    "clip_Commenting": 0.012225787270565846,
    "PositiveSentProb": 0.01189810143067834,
    "speaker_after_sent_sim": 0.011636942007966933,
    "pos_NOUN": 0.011534283762916089,
    "clip_PolitOther": 0.010721189991775735,
    "NumberOfShots": 0.010013212153872752,
    "pos_ADP": 0.009315276714180948,
    "pos_CONJ": 0.008991410837410702,
    "speaker_before_sent_sim": 0.008755145406402789,
    "pos_X": 0.008275246879019277,
    "pos_DET": 0.008212772275047396,
    "pos_AUX": 0.008113368523915804,
    "pos_ADV": 0.0076698217357463305,
    "pos_VERB": 0.007004283259625865,
    "ner_LOC": 0.006485235667732743,
    "pos_ADJ": 0.005825774952489278,
    "pos_PART": 0.005184715839713228,
    "pos_NUM": 0.00374898442731605,
    "ner_LPER": 0.0025570953313035143,
    "ner_EPER": 0.0024941612955588625,
    "ner_MISC": 0.0016232074528950702,
    "ner_ORG": 0.0011037725492074515,
    "pos_INTJ": 7.880912684264928e-05
}