{
    "clip_Studio": 0.052493987112297955,
    "clip_Anchor": 0.05048295044411287,
    "clip_PoliceFrwr": 0.04610049314644941,
    "clip_Celeb": 0.039453121863213474,
    "clip_Layperson": 0.03944730452761931,
    "clip_ExpOth": 0.03804798724319032,
    "clip_Voiceover": 0.03504564986873659,
    "clip_Indoor": 0.03368273791427047,
    "clip_Reporter": 0.033423656528219256,
    "clip_PolitRight": 0.03137832837879172,
    "clip_Interview": 0.030642719239157325,
    "clip_Speech": 0.03039474653091325,
    "clip_ExpMedicine": 0.03002816250779457,
    "clip_Xcov": 0.029941255849352904,
    "clip_Outdoor": 0.02923858548319259,
    "speaker_after_img_sim": 0.027596215132542894,
    "NeutralSentProb": 0.02682517099421421,
    "clip_Talkinghead": 0.026364788542805044,
    "speaker_before_img_sim": 0.025868854716026013,
    "clip_4cov": 0.025407224993087,
    "clip_PolitAmpel": 0.024478480274662446,
    "NegativeSentProb": 0.023580142864418834,
    "clip_DoctorNurse": 0.018879944408262808,
    "Avg_Shotdensity": 0.017687400058919986,
    "clip_Polit": 0.017367624921810564,
    "NumberOfShots": 0.016630217936506604,
    "clip_Commenting": 0.015205368251110634,
    "clip_PolitOther": 0.015079970541441726,
    "pos_PRON": 0.014904110864303355,
    "LengthOfSpeech": 0.014417942818574458,
    "clip_Polit-n-de": 0.013791311349965507,
    "PositiveSentProb": 0.012047174760136859,
    "pos_NOUN": 0.01101676929410975,
    "pos_PROPN": 0.010070305782046426,
    "pos_ADV": 0.0093674999426921,
    "pos_ADP": 0.00906896124944941,
    "pos_AUX": 0.008902026618486323,
    "pos_ADJ": 0.00857738633991834,
    "speaker_after_sent_sim": 0.007626881235126251,
    "pos_X": 0.0069599120630801994,
    "pos_VERB": 0.0066236236824131585,
    "pos_DET": 0.006576135125638469,
    "speaker_before_sent_sim": 0.006545917042768916,
    "pos_CONJ": 0.00630718424051864,
    "pos_PART": 0.0055274325386451256,
    "ner_LOC": 0.0036182444501501043,
    "pos_NUM": 0.0033720062700655167,
    "ner_MISC": 0.001245440326853938,
    "ner_EPER": 0.0011297331438851232,
    "ner_LPER": 0.0010298373834294633,
    "ner_ORG": 0.00036368726480372275,
    "pos_INTJ": 0.00013738593981804786
}