{
    "clip_Studio": 0.07227744367662844,
    "clip_Speech": 0.06868212759890825,
    "clip_Indoor": 0.0533430525294884,
    "clip_Interview": 0.051908463419216476,
    "clip_Anchor": 0.04999940512719455,
    "speaker_before_img_sim": 0.0455040075460757,
    "clip_Voiceover": 0.04319394463229105,
    "NeutralSentProb": 0.03813719583274005,
    "clip_Outdoor": 0.03789947316731528,
    "clip_Talkinghead": 0.03670011286209858,
    "clip_Reporter": 0.03368320450234645,
    "clip_Celeb": 0.03346958956022307,
    "clip_PoliceFrwr": 0.03131590891045122,
    "clip_Polit": 0.028684571174633328,
    "clip_PolitRight": 0.02751378253183966,
    "clip_Layperson": 0.025706967139383523,
    "clip_PolitAmpel": 0.020245648012198268,
    "clip_ExpOth": 0.018660302426578422,
    "clip_DoctorNurse": 0.018571402107600343,
    "clip_Xcov": 0.017901585273324604,
    "clip_PolitOther": 0.017413549312667136,
    "pos_PRON": 0.01734491707676469,
    "Avg_Shotdensity": 0.01732648290612345,
    "clip_4cov": 0.015469991303874922,
    "LengthOfSpeech": 0.015037558026409464,
    "NegativeSentProb": 0.014800003134290371,
    "speaker_after_img_sim": 0.014106432533380953,
    "clip_ExpMedicine": 0.012974347555683826,
    "PositiveSentProb": 0.012479974497709021,
    "speaker_after_sent_sim": 0.012219132246450196,
    "pos_NOUN": 0.009613230759601066,
    "clip_Polit-n-de": 0.00938802334557996,
    "NumberOfShots": 0.00913242776159515,
    "pos_PROPN": 0.008698136722173311,
    "clip_Commenting": 0.007714081579917651,
    "speaker_before_sent_sim": 0.0076006836209009335,
    "pos_ADP": 0.006978544344987754,
    "pos_X": 0.004937330124879533,
    "pos_ADV": 0.004636276294839488,
    "pos_DET": 0.004459565530226895,
    "pos_VERB": 0.004279867424446395,
    "pos_AUX": 0.004222480012252362,
    "pos_CONJ": 0.0036066163220687753,
    "pos_ADJ": 0.0035338777770308285,
    "pos_PART": 0.0027021492466098745,
    "ner_LOC": 0.0018194938498431582,
    "ner_EPER": 0.0012340396779937893,
    "pos_NUM": 0.0010691607272376546,
    "ner_MISC": 0.0008532857434106619,
    "ner_LPER": 0.000610515578927505,
    "ner_ORG": 0.00033963693158759877,
    "pos_INTJ": 2.65915960746408e-19
}