{
    "clip_Studio": 0.07392596161719579,
    "clip_Anchor": 0.054327162007361096,
    "clip_Layperson": 0.053019000999133356,
    "clip_ExpOth": 0.0376943567251411,
    "clip_Indoor": 0.036380992588403195,
    "clip_Speech": 0.0357779057213414,
    "pos_PRON": 0.03555404745277989,
    "clip_ExpMedicine": 0.03207629731854937,
    "clip_Outdoor": 0.031293155853783394,
    "clip_Celeb": 0.029703685745024362,
    "clip_DoctorNurse": 0.027527856335915264,
    "clip_Interview": 0.02705575466770334,
    "NeutralSentProb": 0.02680908895911318,
    "clip_Polit-n-de": 0.025947169816184137,
    "Avg_Shotdensity": 0.025445383615512383,
    "clip_4cov": 0.02441261482786446,
    "clip_Polit": 0.021826475944765625,
    "clip_PoliceFrwr": 0.021798439800644925,
    "speaker_before_img_sim": 0.0214314086419433,
    "pos_AUX": 0.021163918969564856,
    "clip_Voiceover": 0.020709828578969237,
    "clip_Reporter": 0.020346938229013886,
    "pos_X": 0.018669380163056876,
    "clip_Xcov": 0.01697120383035277,
    "clip_Talkinghead": 0.01575820849761484,
    "pos_PROPN": 0.015737156267891166,
    "clip_PolitRight": 0.015406236270459691,
    "speaker_after_img_sim": 0.01442345946212689,
    "NegativeSentProb": 0.014113280678875219,
    "LengthOfSpeech": 0.013791069878585019,
    "clip_PolitAmpel": 0.013457248977085843,
    "pos_VERB": 0.013248664681674452,
    "clip_Commenting": 0.012796204592642,
    "speaker_before_sent_sim": 0.01184120035889384,
    "pos_NOUN": 0.011336364245511528,
    "speaker_after_sent_sim": 0.011252492675458477,
    "pos_PART": 0.011191537837226654,
    "clip_PolitOther": 0.010442611225018654,
    "pos_ADJ": 0.010397519071945178,
    "ner_LOC": 0.010264031956480917,
    "PositiveSentProb": 0.00958660348394196,
    "pos_DET": 0.00915391746224791,
    "pos_ADV": 0.008786433045022014,
    "pos_CONJ": 0.008690659235137038,
    "pos_ADP": 0.007334786421848355,
    "NumberOfShots": 0.007206980309474647,
    "ner_EPER": 0.0011067812774582064,
    "ner_MISC": 0.0010639628198446283,
    "pos_NUM": 0.0010103943550273827,
    "ner_LPER": 0.00038769376523024195,
    "ner_ORG": 0.00034647273796024485,
    "pos_INTJ": 0.0
}