{
    "clip_Studio": 0.06735411508900328,
    "clip_Layperson": 0.043212806148685376,
    "clip_Anchor": 0.041382402343474074,
    "clip_ExpOth": 0.03473466353533645,
    "clip_Speech": 0.03402674622151414,
    "clip_Outdoor": 0.03257313155038008,
    "Avg_Shotdensity": 0.031897408813932014,
    "clip_ExpMedicine": 0.030647551685314328,
    "clip_Indoor": 0.02990444782416534,
    "clip_4cov": 0.029578340817772084,
    "clip_DoctorNurse": 0.0270448899784492,
    "clip_Reporter": 0.026356555618766705,
    "NeutralSentProb": 0.024784912683097217,
    "clip_PoliceFrwr": 0.024712799067363577,
    "pos_PRON": 0.02447139614286205,
    "clip_Xcov": 0.024367974124403922,
    "clip_Celeb": 0.024153957921864148,
    "clip_PolitAmpel": 0.02344304040418321,
    "clip_Voiceover": 0.022617769247165083,
    "clip_Polit-n-de": 0.021449714065448138,
    "clip_Interview": 0.02030719038422206,
    "speaker_after_img_sim": 0.01973641026246083,
    "clip_Polit": 0.01932445251898259,
    "pos_PROPN": 0.01888400653883769,
    "speaker_before_img_sim": 0.018457712248654876,
    "clip_Talkinghead": 0.01825140630538228,
    "LengthOfSpeech": 0.017192454546166875,
    "clip_PolitOther": 0.016549508532847815,
    "NumberOfShots": 0.01553363223971849,
    "pos_AUX": 0.015274472879910473,
    "PositiveSentProb": 0.015054137877030454,
    "clip_PolitRight": 0.01485744290523002,
    "NegativeSentProb": 0.014566148519146222,
    "pos_ADP": 0.013552529044262554,
    "pos_VERB": 0.013463473716550977,
    "pos_ADV": 0.01335466876763707,
    "speaker_before_sent_sim": 0.013345355271268079,
    "clip_Commenting": 0.012236874874993812,
    "pos_X": 0.01212220029529881,
    "speaker_after_sent_sim": 0.012111605389265747,
    "pos_NOUN": 0.011787900460899167,
    "pos_PART": 0.011784078512724975,
    "pos_CONJ": 0.010109628159634725,
    "ner_LOC": 0.008801172743821023,
    "pos_DET": 0.008501062942308034,
    "pos_ADJ": 0.007493807431017345,
    "pos_NUM": 0.0024864528817003686,
    "ner_MISC": 0.002300214625252778,
    "ner_LPER": 0.0022430344549233343,
    "ner_ORG": 0.0007853133995770697,
    "ner_EPER": 0.0005806975508113889,
    "pos_INTJ": 0.00023633043628141633
}