{
    "clip_Studio": 0.06496893222929855,
    "clip_Anchor": 0.05268007379616327,
    "clip_Outdoor": 0.04754459088872447,
    "clip_Layperson": 0.047219563600952114,
    "NeutralSentProb": 0.04659255522403219,
    "clip_Speech": 0.04102924427734022,
    "clip_Celeb": 0.03869688210350003,
    "clip_PoliceFrwr": 0.03591301149776595,
    "clip_Indoor": 0.033990707990617985,
    "clip_ExpOth": 0.03377779764124688,
    "clip_Interview": 0.028673695577899137,
    "clip_Talkinghead": 0.028417291306863306,
    "clip_Reporter": 0.025614625442612976,
    "clip_Voiceover": 0.02362511556444714,
    "clip_ExpMedicine": 0.023583108214860156,
    "clip_DoctorNurse": 0.02333046034401403,
    "speaker_before_img_sim": 0.022999738063298157,
    "speaker_after_img_sim": 0.022258029507777506,
    "clip_PolitRight": 0.021499052944706696,
    "clip_Polit": 0.02141561895843727,
    "Avg_Shotdensity": 0.02110577133288647,
    "clip_PolitAmpel": 0.01941484418360455,
    "pos_PRON": 0.01905878461829325,
    "clip_Xcov": 0.018221744886771384,
    "clip_4cov": 0.018082322913461867,
    "LengthOfSpeech": 0.017677363605746788,
    "clip_PolitOther": 0.01660056461841878,
    "clip_Polit-n-de": 0.015386313519377925,
    "clip_Commenting": 0.015236795085390909,
    "NegativeSentProb": 0.014972840117695696,
    "PositiveSentProb": 0.013760904197257322,
    "NumberOfShots": 0.013494463538659482,
    "pos_NOUN": 0.01027907923062726,
    "pos_X": 0.010124286155689026,
    "speaker_after_sent_sim": 0.008855568958918366,
    "pos_PROPN": 0.008579163669370764,
    "pos_ADV": 0.00842953990388628,
    "pos_CONJ": 0.008299541417639243,
    "pos_DET": 0.00806073904685518,
    "pos_ADP": 0.007144966674676394,
    "pos_AUX": 0.00699619903157628,
    "pos_VERB": 0.006975711454258577,
    "speaker_before_sent_sim": 0.00575843249395718,
    "pos_ADJ": 0.005504379011421205,
    "pos_PART": 0.005301710523482454,
    "ner_LOC": 0.0036180482545198804,
    "pos_NUM": 0.0029918961608873845,
    "ner_EPER": 0.0024815137129989588,
    "ner_LPER": 0.0018681468130995569,
    "ner_MISC": 0.0009730542147438145,
    "ner_ORG": 0.0007220612801868879,
    "pos_INTJ": 0.0001931541990828415
}