{
    "clip_Studio": 0.07780849656964346,
    "clip_Anchor": 0.07463434556909684,
    "NeutralSentProb": 0.06658919417363707,
    "clip_Celeb": 0.042911124169923105,
    "clip_Outdoor": 0.04094679703995837,
    "clip_Indoor": 0.03992305060403999,
    "clip_Layperson": 0.0381584580895535,
    "clip_PoliceFrwr": 0.03733499002705152,
    "clip_Voiceover": 0.03304152401399027,
    "clip_ExpOth": 0.027120604143814543,
    "clip_Interview": 0.026173520022259606,
    "pos_PRON": 0.025690648257510888,
    "Avg_Shotdensity": 0.025685407436738406,
    "clip_Reporter": 0.02316648363891627,
    "clip_Talkinghead": 0.021976404810069763,
    "clip_ExpMedicine": 0.02168660594830927,
    "clip_Speech": 0.021127682860411882,
    "speaker_before_img_sim": 0.02080374917093728,
    "LengthOfSpeech": 0.019006220763411012,
    "speaker_after_img_sim": 0.01739588850643838,
    "clip_DoctorNurse": 0.017328703269502702,
    "NegativeSentProb": 0.016945769051131286,
    "clip_PolitRight": 0.01677100005552967,
    "clip_Polit": 0.016560641112150755,
    "pos_PROPN": 0.01639115923458939,
    "clip_Polit-n-de": 0.015460555132276736,
    "clip_Xcov": 0.014859458115833614,
    "PositiveSentProb": 0.014550968955761344,
    "clip_4cov": 0.01400639849261784,
    "clip_PolitAmpel": 0.012484041424209964,
    "clip_PolitOther": 0.012206904042877583,
    "clip_Commenting": 0.012151036459014292,
    "pos_NOUN": 0.01196883628767805,
    "NumberOfShots": 0.010709727478583678,
    "speaker_after_sent_sim": 0.008899742570781513,
    "pos_ADV": 0.0086848936394978,
    "pos_X": 0.008558609026468721,
    "ner_LOC": 0.007912051177718381,
    "pos_DET": 0.007813163975145927,
    "pos_ADJ": 0.0072368680114392745,
    "pos_VERB": 0.006947430229995299,
    "pos_ADP": 0.006707913367042624,
    "pos_CONJ": 0.006069476489890745,
    "speaker_before_sent_sim": 0.005567868137456488,
    "pos_AUX": 0.004890104238385847,
    "pos_PART": 0.004248197033874639,
    "ner_EPER": 0.003568156161185398,
    "ner_LPER": 0.0031646283832813794,
    "pos_NUM": 0.0029879619468024007,
    "ner_ORG": 0.0015539213845505275,
    "ner_MISC": 0.0014675288142946925,
    "pos_INTJ": 0.0001450904847200555
}