{
    "clip_PoliceFrwr": 0.0653240071797785,
    "clip_Studio": 0.06149571526365978,
    "clip_Layperson": 0.04614204370712757,
    "clip_ExpOth": 0.04525613502290584,
    "clip_Outdoor": 0.04455912685798384,
    "clip_Celeb": 0.04377881954607382,
    "clip_Voiceover": 0.041270339429557136,
    "clip_Speech": 0.035979867845634,
    "clip_Anchor": 0.03513272781956192,
    "NeutralSentProb": 0.03248090274258811,
    "clip_Talkinghead": 0.030548054649833525,
    "clip_Xcov": 0.02960887607280026,
    "clip_Interview": 0.02912945354020409,
    "clip_ExpMedicine": 0.02807971736501449,
    "clip_4cov": 0.026695487031021516,
    "clip_Indoor": 0.025993524556322013,
    "clip_Polit": 0.02561517162241463,
    "clip_Reporter": 0.024628051936855043,
    "speaker_before_img_sim": 0.02262180078977507,
    "pos_PRON": 0.020636032724888644,
    "clip_PolitRight": 0.020577370260679767,
    "clip_DoctorNurse": 0.019783836081043067,
    "clip_PolitAmpel": 0.019520280818277128,
    "Avg_Shotdensity": 0.017985550862604623,
    "speaker_after_img_sim": 0.01490383191224666,
    "clip_Commenting": 0.013142507818264728,
    "NegativeSentProb": 0.012300746138164823,
    "speaker_after_sent_sim": 0.012248396416469525,
    "clip_Polit-n-de": 0.01223324543058818,
    "NumberOfShots": 0.01220204384493361,
    "pos_PROPN": 0.011140407143301825,
    "PositiveSentProb": 0.01082899851426225,
    "pos_NOUN": 0.010639442306153173,
    "LengthOfSpeech": 0.010540648469927248,
    "speaker_before_sent_sim": 0.010512469622093363,
    "clip_PolitOther": 0.010090360026384646,
    "pos_ADV": 0.00855675473602513,
    "pos_AUX": 0.008296397079261527,
    "pos_CONJ": 0.006495457055122635,
    "pos_X": 0.006404990820948498,
    "pos_ADP": 0.0060126119693586924,
    "pos_ADJ": 0.005496823059342547,
    "pos_DET": 0.0050369688649553835,
    "pos_PART": 0.004438391730072588,
    "pos_VERB": 0.0041130397728014936,
    "pos_NUM": 0.0035945521878435784,
    "ner_LOC": 0.002798714748749691,
    "ner_MISC": 0.002090675690755635,
    "ner_LPER": 0.0011462792584803494,
    "ner_EPER": 0.0010944213069706125,
    "ner_ORG": 0.0006654030615196194,
    "pos_INTJ": 0.00013252728839759534
}