{
    "clip_Studio": 0.0696219542132781,
    "NeutralSentProb": 0.0615783913416742,
    "clip_PoliceFrwr": 0.053033674748997076,
    "clip_Voiceover": 0.051564815793620926,
    "clip_Layperson": 0.047152642181355314,
    "clip_Anchor": 0.04100302270602947,
    "clip_Outdoor": 0.03824977357954274,
    "clip_ExpOth": 0.03756504673473963,
    "clip_Celeb": 0.033493894837971244,
    "clip_Indoor": 0.031850794391806214,
    "clip_Interview": 0.027978275370188155,
    "clip_4cov": 0.027078039252984045,
    "clip_Speech": 0.02675368799701866,
    "clip_Polit": 0.025758729705507223,
    "clip_Reporter": 0.024741800984891208,
    "clip_ExpMedicine": 0.023520469468115274,
    "Avg_Shotdensity": 0.02251224815754048,
    "clip_PolitRight": 0.021019530633683017,
    "clip_Talkinghead": 0.020124737585667244,
    "clip_Xcov": 0.02005343978517053,
    "clip_DoctorNurse": 0.01903295544806779,
    "pos_PRON": 0.018971278637610015,
    "speaker_before_img_sim": 0.01895260635885156,
    "speaker_after_sent_sim": 0.017325510707011278,
    "clip_Commenting": 0.014567298256386304,
    "clip_PolitAmpel": 0.01454658978325674,
    "LengthOfSpeech": 0.01300858260499579,
    "pos_PROPN": 0.012850230295376356,
    "NegativeSentProb": 0.011765096587652658,
    "clip_Polit-n-de": 0.011439459687516284,
    "speaker_before_sent_sim": 0.011104747512415214,
    "speaker_after_img_sim": 0.01070807369491722,
    "pos_AUX": 0.01034565233902324,
    "PositiveSentProb": 0.010229071345621886,
    "pos_ADP": 0.010095344058975128,
    "NumberOfShots": 0.009859068807079749,
    "pos_NOUN": 0.008519666844146578,
    "clip_PolitOther": 0.008386704462141986,
    "pos_CONJ": 0.00779836280364582,
    "pos_VERB": 0.007325460647306569,
    "pos_DET": 0.007048035044872305,
    "pos_ADV": 0.006591025573577777,
    "pos_PART": 0.006552572494093859,
    "pos_NUM": 0.005828674368200629,
    "pos_X": 0.005769099833562883,
    "ner_LOC": 0.004812506199810489,
    "pos_ADJ": 0.0036450019847515933,
    "ner_EPER": 0.003459289873902025,
    "ner_MISC": 0.0023477563039456376,
    "ner_LPER": 0.0016046225554889049,
    "ner_ORG": 0.0007890026389246326,
    "pos_INTJ": 6.568277709042899e-05
}