{
    "clip_Studio": 0.12197109311819077,
    "NeutralSentProb": 0.07393841445446014,
    "clip_Anchor": 0.054057132452726364,
    "pos_PROPN": 0.038516391068696976,
    "clip_Layperson": 0.03716345131397247,
    "clip_ExpOth": 0.036313124001026154,
    "pos_PRON": 0.03390234336256981,
    "clip_Voiceover": 0.02707909420132637,
    "clip_PoliceFrwr": 0.02647058665752411,
    "clip_ExpMedicine": 0.026288647204637527,
    "clip_Celeb": 0.02168481983244419,
    "pos_NOUN": 0.02153325080871582,
    "clip_Reporter": 0.020320169627666473,
    "speaker_after_sent_sim": 0.01942543126642704,
    "clip_4cov": 0.018327301368117332,
    "ner_LOC": 0.018072256818413734,
    "clip_Xcov": 0.017799533903598785,
    "ner_LPER": 0.016764214262366295,
    "clip_Outdoor": 0.015568291768431664,
    "clip_Interview": 0.015416557900607586,
    "clip_Speech": 0.014973737299442291,
    "speaker_before_img_sim": 0.014968263916671276,
    "speaker_before_sent_sim": 0.01475156843662262,
    "Avg_Shotdensity": 0.014536261558532715,
    "pos_CONJ": 0.014178307726979256,
    "pos_X": 0.014011566527187824,
    "clip_Talkinghead": 0.013949218206107616,
    "pos_ADJ": 0.012967999093234539,
    "NegativeSentProb": 0.012696325778961182,
    "clip_DoctorNurse": 0.012656940147280693,
    "pos_PART": 0.012365059927105904,
    "clip_Polit-n-de": 0.01224464364349842,
    "LengthOfSpeech": 0.01207740418612957,
    "pos_ADP": 0.011658401228487492,
    "speaker_after_img_sim": 0.011555911973118782,
    "clip_Indoor": 0.011315603740513325,
    "ner_EPER": 0.01057545654475689,
    "pos_VERB": 0.010570676065981388,
    "clip_PolitRight": 0.01050572469830513,
    "pos_ADV": 0.010463436134159565,
    "pos_AUX": 0.010450007393956184,
    "clip_Polit": 0.010053517296910286,
    "NumberOfShots": 0.009644145146012306,
    "pos_DET": 0.009422472678124905,
    "clip_PolitAmpel": 0.009252320043742657,
    "pos_NUM": 0.0091534573584795,
    "PositiveSentProb": 0.007986611686646938,
    "clip_Commenting": 0.0074603380635380745,
    "clip_PolitOther": 0.006574798375368118,
    "ner_MISC": 0.004035986959934235,
    "ner_ORG": 0.0016636172076687217,
    "pos_INTJ": 0.000668096705339849
}