{
    "clip_Studio": 0.07205743342638016,
    "NeutralSentProb": 0.06332432478666306,
    "clip_PoliceFrwr": 0.0411713533103466,
    "clip_Xcov": 0.037993837147951126,
    "clip_Interview": 0.035023339092731476,
    "clip_ExpOth": 0.0333513468503952,
    "clip_Celeb": 0.03263748437166214,
    "clip_Layperson": 0.027091145515441895,
    "clip_Speech": 0.02605794370174408,
    "clip_Anchor": 0.025752848014235497,
    "pos_PRON": 0.025300487875938416,
    "clip_Voiceover": 0.024321531876921654,
    "NegativeSentProb": 0.022930491715669632,
    "clip_PolitAmpel": 0.022057702764868736,
    "pos_PROPN": 0.02187127247452736,
    "ner_LPER": 0.021222535520792007,
    "clip_Reporter": 0.021206935867667198,
    "clip_Talkinghead": 0.020709389820694923,
    "clip_4cov": 0.02036247029900551,
    "clip_ExpMedicine": 0.020075049251317978,
    "clip_PolitRight": 0.019686821848154068,
    "ner_EPER": 0.019401397556066513,
    "speaker_before_img_sim": 0.0170845128595829,
    "ner_LOC": 0.016680488362908363,
    "speaker_after_img_sim": 0.01661640778183937,
    "clip_Outdoor": 0.01636229269206524,
    "clip_Polit": 0.015468083322048187,
    "clip_Commenting": 0.015127199701964855,
    "clip_Polit-n-de": 0.014819527044892311,
    "pos_PART": 0.01349709928035736,
    "clip_DoctorNurse": 0.013408097438514233,
    "pos_NOUN": 0.013384154066443443,
    "pos_ADV": 0.01314940582960844,
    "Avg_Shotdensity": 0.012899212539196014,
    "pos_AUX": 0.012646119110286236,
    "clip_Indoor": 0.012467502616345882,
    "pos_NUM": 0.01211814396083355,
    "LengthOfSpeech": 0.011859332211315632,
    "speaker_before_sent_sim": 0.011536134406924248,
    "speaker_after_sent_sim": 0.011366278864443302,
    "NumberOfShots": 0.011324634775519371,
    "pos_ADJ": 0.010867377743124962,
    "clip_PolitOther": 0.01022735983133316,
    "pos_CONJ": 0.010043242014944553,
    "pos_X": 0.00981815904378891,
    "PositiveSentProb": 0.00870310328900814,
    "pos_DET": 0.00864664651453495,
    "pos_VERB": 0.008564097806811333,
    "pos_ADP": 0.0076858773827552795,
    "ner_MISC": 0.004828500095754862,
    "ner_ORG": 0.0029312744736671448,
    "pos_INTJ": 0.0022626095451414585
}