{
    "clip_Studio": 0.13222968578338623,
    "clip_Layperson": 0.06878497451543808,
    "speaker_before_img_sim": 0.04484333470463753,
    "NeutralSentProb": 0.03907589986920357,
    "ner_LOC": 0.03774925693869591,
    "clip_Anchor": 0.03697492182254791,
    "pos_PRON": 0.03566961735486984,
    "clip_4cov": 0.0312761627137661,
    "clip_ExpOth": 0.028523966670036316,
    "clip_PoliceFrwr": 0.026462877169251442,
    "clip_DoctorNurse": 0.02540445700287819,
    "pos_ADP": 0.024597592651844025,
    "clip_Indoor": 0.02279992587864399,
    "clip_Xcov": 0.022246673703193665,
    "clip_Reporter": 0.022218937054276466,
    "clip_Outdoor": 0.02214236371219158,
    "pos_AUX": 0.021303871646523476,
    "LengthOfSpeech": 0.019908493384718895,
    "speaker_after_sent_sim": 0.01955273374915123,
    "Avg_Shotdensity": 0.018466882407665253,
    "speaker_before_sent_sim": 0.018001459538936615,
    "clip_Polit-n-de": 0.017629990354180336,
    "NumberOfShots": 0.01715008355677128,
    "clip_Polit": 0.01661115139722824,
    "pos_CONJ": 0.016521291807293892,
    "clip_PolitAmpel": 0.0163792222738266,
    "clip_Commenting": 0.016037359833717346,
    "PositiveSentProb": 0.015894077718257904,
    "clip_PolitRight": 0.015455443412065506,
    "clip_Speech": 0.013940542005002499,
    "pos_PROPN": 0.013462193310260773,
    "clip_Celeb": 0.013193298131227493,
    "NegativeSentProb": 0.012884884141385555,
    "speaker_after_img_sim": 0.01275622844696045,
    "pos_PART": 0.012501096352934837,
    "clip_ExpMedicine": 0.011974372901022434,
    "pos_X": 0.010969567112624645,
    "pos_VERB": 0.010552356019616127,
    "clip_Interview": 0.009585638530552387,
    "clip_Talkinghead": 0.008744330145418644,
    "clip_Voiceover": 0.008622979745268822,
    "pos_DET": 0.007005239371210337,
    "clip_PolitOther": 0.002721022814512253,
    "pos_NOUN": 0.000588807335589081,
    "pos_ADJ": 0.0005847704596817493,
    "pos_ADV": 0.0,
    "pos_NUM": 0.0,
    "ner_EPER": 0.0,
    "ner_LPER": 0.0,
    "ner_ORG": 0.0,
    "ner_MISC": 0.0,
    "pos_INTJ": 0.0
}