{
    "clip_Studio": 0.08373779058456421,
    "clip_PoliceFrwr": 0.05265151336789131,
    "ner_MISC": 0.04348910227417946,
    "clip_ExpOth": 0.03958195075392723,
    "clip_Interview": 0.03794624283909798,
    "NeutralSentProb": 0.03363148123025894,
    "clip_Speech": 0.03257100656628609,
    "clip_Talkinghead": 0.032390858978033066,
    "clip_4cov": 0.029323335736989975,
    "clip_Voiceover": 0.02889307402074337,
    "clip_Reporter": 0.02626270428299904,
    "clip_Xcov": 0.026191741228103638,
    "clip_Layperson": 0.024642763659358025,
    "speaker_after_sent_sim": 0.024240992963314056,
    "clip_Anchor": 0.024176808074116707,
    "clip_PolitOther": 0.023544257506728172,
    "pos_PRON": 0.02176186442375183,
    "clip_PolitAmpel": 0.02079383097589016,
    "pos_PROPN": 0.020744355395436287,
    "ner_EPER": 0.019688323140144348,
    "clip_DoctorNurse": 0.018742326647043228,
    "clip_Celeb": 0.018399452790617943,
    "clip_Indoor": 0.017593760043382645,
    "clip_ExpMedicine": 0.01736575923860073,
    "speaker_after_img_sim": 0.016561564058065414,
    "Avg_Shotdensity": 0.015795504674315453,
    "clip_PolitRight": 0.0154913030564785,
    "clip_Polit": 0.015368480235338211,
    "pos_PART": 0.014310524798929691,
    "pos_NOUN": 0.014246298931539059,
    "speaker_before_img_sim": 0.014136221259832382,
    "pos_CONJ": 0.01319802924990654,
    "pos_ADP": 0.013159438036382198,
    "LengthOfSpeech": 0.01238439790904522,
    "speaker_before_sent_sim": 0.011819281615316868,
    "clip_Commenting": 0.011365536600351334,
    "pos_NUM": 0.010596315376460552,
    "NumberOfShots": 0.010439854115247726,
    "pos_ADV": 0.010099083185195923,
    "clip_Outdoor": 0.010065856389701366,
    "PositiveSentProb": 0.010001967661082745,
    "NegativeSentProb": 0.009443257935345173,
    "pos_ADJ": 0.009258728474378586,
    "pos_AUX": 0.008179593831300735,
    "ner_LPER": 0.007757327985018492,
    "clip_Polit-n-de": 0.00769009767100215,
    "pos_X": 0.00722534442320466,
    "pos_VERB": 0.006217364687472582,
    "pos_DET": 0.0052366964519023895,
    "ner_ORG": 0.0015866317553445697,
    "pos_INTJ": 0.0,
    "ner_LOC": 0.0
}