{
    "NeutralSentProb": 0.11042576283216476,
    "clip_Studio": 0.11000359058380127,
    "clip_PolitAmpel": 0.042584653943777084,
    "clip_Anchor": 0.033477719873189926,
    "clip_Speech": 0.03183111175894737,
    "clip_Interview": 0.03131195530295372,
    "clip_Talkinghead": 0.030589327216148376,
    "pos_PRON": 0.02598494291305542,
    "clip_Xcov": 0.024490604177117348,
    "clip_ExpOth": 0.022576315328478813,
    "speaker_after_img_sim": 0.02208673767745495,
    "clip_Voiceover": 0.021201830357313156,
    "clip_Reporter": 0.020867273211479187,
    "Avg_Shotdensity": 0.019379140809178352,
    "ner_EPER": 0.019062981009483337,
    "clip_Indoor": 0.018661299720406532,
    "clip_Layperson": 0.01848212257027626,
    "clip_PolitRight": 0.017319971695542336,
    "clip_PoliceFrwr": 0.01711290515959263,
    "clip_Polit-n-de": 0.016678282991051674,
    "pos_CONJ": 0.016294047236442566,
    "speaker_before_img_sim": 0.01624925434589386,
    "clip_Outdoor": 0.01604445092380047,
    "clip_4cov": 0.015233512967824936,
    "clip_ExpMedicine": 0.014705391600728035,
    "pos_X": 0.014601816423237324,
    "pos_NOUN": 0.01458815485239029,
    "NegativeSentProb": 0.013676428236067295,
    "LengthOfSpeech": 0.013585500419139862,
    "speaker_after_sent_sim": 0.013360679149627686,
    "clip_Celeb": 0.012698146514594555,
    "pos_PROPN": 0.012468674220144749,
    "pos_ADP": 0.01239049807190895,
    "NumberOfShots": 0.012320928275585175,
    "ner_LOC": 0.012081153690814972,
    "pos_ADJ": 0.011861737817525864,
    "clip_PolitOther": 0.01162581704556942,
    "pos_DET": 0.010318120010197163,
    "clip_DoctorNurse": 0.010247600264847279,
    "clip_Polit": 0.010067068971693516,
    "PositiveSentProb": 0.00999903492629528,
    "pos_PART": 0.00947482232004404,
    "clip_Commenting": 0.008565139025449753,
    "pos_ADV": 0.00845699105411768,
    "ner_LPER": 0.008384447544813156,
    "pos_NUM": 0.008027049712836742,
    "speaker_before_sent_sim": 0.00744751887395978,
    "ner_ORG": 0.007293093483895063,
    "pos_AUX": 0.007190986070781946,
    "pos_VERB": 0.006613303907215595,
    "pos_INTJ": 0.0,
    "ner_MISC": 0.0
}