{
    "clip_Studio": 0.15826568007469177,
    "clip_ExpOth": 0.07395810633897781,
    "clip_PoliceFrwr": 0.054371707141399384,
    "NeutralSentProb": 0.05122307687997818,
    "clip_Voiceover": 0.04443436115980148,
    "clip_Anchor": 0.04251481592655182,
    "pos_PROPN": 0.04076675698161125,
    "clip_4cov": 0.03618311882019043,
    "clip_Layperson": 0.03465156629681587,
    "pos_PRON": 0.029043881222605705,
    "clip_Interview": 0.023905109614133835,
    "speaker_after_sent_sim": 0.02306189388036728,
    "clip_Reporter": 0.022678328678011894,
    "pos_CONJ": 0.018447060137987137,
    "clip_Speech": 0.018019696697592735,
    "clip_ExpMedicine": 0.01751730404794216,
    "clip_PolitRight": 0.015361259691417217,
    "speaker_before_sent_sim": 0.014649639837443829,
    "clip_Talkinghead": 0.01455182395875454,
    "NegativeSentProb": 0.013270656578242779,
    "clip_Celeb": 0.013218342326581478,
    "Avg_Shotdensity": 0.01257739681750536,
    "pos_PART": 0.012235106900334358,
    "pos_ADP": 0.012225411832332611,
    "clip_Outdoor": 0.011757816188037395,
    "speaker_before_img_sim": 0.011653906665742397,
    "clip_DoctorNurse": 0.011018489487469196,
    "pos_VERB": 0.010294751264154911,
    "clip_Xcov": 0.010262465104460716,
    "PositiveSentProb": 0.01005571149289608,
    "clip_Indoor": 0.009362882934510708,
    "speaker_after_img_sim": 0.009295675903558731,
    "NumberOfShots": 0.009284516796469688,
    "LengthOfSpeech": 0.00914742797613144,
    "pos_NOUN": 0.009069147519767284,
    "clip_Polit-n-de": 0.008717307820916176,
    "clip_PolitOther": 0.008561505004763603,
    "pos_ADJ": 0.008179030381143093,
    "clip_Polit": 0.008085730485618114,
    "clip_PolitAmpel": 0.00803778413683176,
    "pos_ADV": 0.007772214710712433,
    "pos_X": 0.007562620099633932,
    "ner_LPER": 0.007121502887457609,
    "pos_AUX": 0.00705448305234313,
    "clip_Commenting": 0.007042495999485254,
    "pos_DET": 0.007012051530182362,
    "pos_NUM": 0.006518261972814798,
    "ner_ORG": 0.0,
    "ner_EPER": 0.0,
    "ner_MISC": 0.0,
    "pos_INTJ": 0.0,
    "ner_LOC": 0.0
}