{
    "clip_Studio": 0.11399777233600616,
    "NeutralSentProb": 0.09591281414031982,
    "clip_Anchor": 0.0716237723827362,
    "pos_PRON": 0.057999346405267715,
    "clip_Layperson": 0.039909884333610535,
    "pos_PROPN": 0.036083441227674484,
    "clip_ExpOth": 0.031755633652210236,
    "clip_Interview": 0.02552391029894352,
    "pos_NOUN": 0.023836547508835793,
    "speaker_after_img_sim": 0.02318154275417328,
    "clip_Voiceover": 0.0222322940826416,
    "ner_LOC": 0.020570557564496994,
    "clip_Celeb": 0.019891340285539627,
    "clip_PoliceFrwr": 0.019785430282354355,
    "clip_Speech": 0.017872542142868042,
    "clip_Talkinghead": 0.01727951318025589,
    "clip_Polit-n-de": 0.01723972149193287,
    "pos_X": 0.017003139480948448,
    "LengthOfSpeech": 0.016164405271410942,
    "speaker_after_sent_sim": 0.015132748521864414,
    "clip_Reporter": 0.014962173998355865,
    "clip_Indoor": 0.014898902736604214,
    "speaker_before_img_sim": 0.014512457884848118,
    "Avg_Shotdensity": 0.013778508640825748,
    "NegativeSentProb": 0.013768280856311321,
    "ner_EPER": 0.01325088832527399,
    "clip_Outdoor": 0.013117152266204357,
    "pos_ADV": 0.013058898970484734,
    "pos_ADJ": 0.012779876589775085,
    "clip_DoctorNurse": 0.01263213437050581,
    "clip_Xcov": 0.01211224589496851,
    "pos_AUX": 0.011009966023266315,
    "pos_CONJ": 0.010856252163648605,
    "clip_PolitRight": 0.010233825072646141,
    "clip_4cov": 0.009269258007407188,
    "speaker_before_sent_sim": 0.008769259788095951,
    "pos_VERB": 0.008688163943588734,
    "pos_DET": 0.008397283963859081,
    "clip_PolitOther": 0.008076603524386883,
    "ner_ORG": 0.008049174211919308,
    "ner_LPER": 0.007990566082298756,
    "clip_Polit": 0.007402987685054541,
    "PositiveSentProb": 0.007367719896137714,
    "pos_PART": 0.00717427721247077,
    "clip_ExpMedicine": 0.006991798989474773,
    "pos_ADP": 0.006882527843117714,
    "pos_NUM": 0.006405061576515436,
    "NumberOfShots": 0.006312764249742031,
    "clip_Commenting": 0.005829276982694864,
    "clip_PolitAmpel": 0.0024254699237644672,
    "ner_MISC": 0.0,
    "pos_INTJ": 0.0
}