{
    "clip_Studio": 0.08962017297744751,
    "NeutralSentProb": 0.06872302293777466,
    "clip_4cov": 0.05214405432343483,
    "clip_Layperson": 0.05198666453361511,
    "speaker_before_img_sim": 0.02831224352121353,
    "clip_Xcov": 0.027885988354682922,
    "clip_Anchor": 0.02644556388258934,
    "clip_PoliceFrwr": 0.025674693286418915,
    "pos_PROPN": 0.024964509531855583,
    "clip_Interview": 0.024287916719913483,
    "clip_Reporter": 0.023810846731066704,
    "ner_LOC": 0.02380276657640934,
    "pos_PRON": 0.023069964721798897,
    "clip_Speech": 0.022852424532175064,
    "pos_AUX": 0.022000523284077644,
    "speaker_after_sent_sim": 0.01971714198589325,
    "pos_NOUN": 0.019678018987178802,
    "clip_Talkinghead": 0.01954789087176323,
    "pos_PART": 0.019186165183782578,
    "speaker_before_sent_sim": 0.018632574006915092,
    "clip_Polit-n-de": 0.01834316924214363,
    "Avg_Shotdensity": 0.017926380038261414,
    "PositiveSentProb": 0.01749851182103157,
    "clip_ExpMedicine": 0.016369564458727837,
    "clip_Polit": 0.015494086779654026,
    "pos_ADP": 0.015490410849452019,
    "clip_Indoor": 0.014859123155474663,
    "pos_ADV": 0.01459671650081873,
    "pos_CONJ": 0.01446401048451662,
    "clip_ExpOth": 0.014332950115203857,
    "clip_Outdoor": 0.0142112011089921,
    "pos_X": 0.013886257074773312,
    "clip_Voiceover": 0.013675943948328495,
    "pos_DET": 0.01338365487754345,
    "clip_DoctorNurse": 0.013093462213873863,
    "pos_VERB": 0.01269029825925827,
    "NumberOfShots": 0.012609262950718403,
    "speaker_after_img_sim": 0.012575613334774971,
    "LengthOfSpeech": 0.01244689617305994,
    "pos_ADJ": 0.01206702645868063,
    "clip_Commenting": 0.011809664778411388,
    "clip_Celeb": 0.011012451723217964,
    "clip_PolitAmpel": 0.010968659073114395,
    "clip_PolitOther": 0.010703529231250286,
    "clip_PolitRight": 0.010371980257332325,
    "ner_MISC": 0.008798135444521904,
    "NegativeSentProb": 0.008151785470545292,
    "pos_NUM": 0.005826182197779417,
    "ner_EPER": 0.0,
    "ner_LPER": 0.0,
    "ner_ORG": 0.0,
    "pos_INTJ": 0.0
}