{
    "clip_Speech": 0.09386894851922989,
    "clip_Anchor": 0.0754818320274353,
    "clip_Polit": 0.07013753056526184,
    "clip_Celeb": 0.06666417419910431,
    "clip_PolitAmpel": 0.053997479379177094,
    "clip_PolitOther": 0.04925147444009781,
    "speaker_after_sent_sim": 0.04491228237748146,
    "speaker_before_img_sim": 0.04091982915997505,
    "clip_ExpOth": 0.04066411405801773,
    "clip_Interview": 0.03776504099369049,
    "clip_PoliceFrwr": 0.031034031882882118,
    "clip_Studio": 0.030575135722756386,
    "clip_Voiceover": 0.02462582103908062,
    "clip_Indoor": 0.02304915152490139,
    "clip_Talkinghead": 0.020420731976628304,
    "NeutralSentProb": 0.020416703075170517,
    "clip_Reporter": 0.019169332459568977,
    "pos_PRON": 0.01902717724442482,
    "clip_PolitRight": 0.01880485936999321,
    "clip_Layperson": 0.01788901723921299,
    "clip_Xcov": 0.016904084011912346,
    "NumberOfShots": 0.01232205145061016,
    "NegativeSentProb": 0.01154639758169651,
    "pos_VERB": 0.0114347068592906,
    "LengthOfSpeech": 0.011328012682497501,
    "clip_ExpMedicine": 0.010172955691814423,
    "pos_NOUN": 0.010164651088416576,
    "PositiveSentProb": 0.010062672197818756,
    "clip_Outdoor": 0.0092634167522192,
    "pos_PROPN": 0.00906198751181364,
    "clip_4cov": 0.008601866662502289,
    "Avg_Shotdensity": 0.008273782208561897,
    "pos_ADP": 0.007078488823026419,
    "speaker_after_img_sim": 0.006988112814724445,
    "speaker_before_sent_sim": 0.006799402181059122,
    "ner_LOC": 0.006793418433517218,
    "pos_AUX": 0.006357815116643906,
    "clip_Commenting": 0.005699046887457371,
    "pos_ADV": 0.0054191709496080875,
    "clip_Polit-n-de": 0.005371965002268553,
    "clip_DoctorNurse": 0.004530397709459066,
    "pos_CONJ": 0.004010725766420364,
    "pos_X": 0.0032005917746573687,
    "pos_ADJ": 0.002919327700510621,
    "pos_PART": 0.002512474311515689,
    "pos_NUM": 0.0019547808915376663,
    "pos_DET": 0.0017891902243718505,
    "ner_EPER": 0.000629737856797874,
    "ner_LPER": 0.00013410420797299594,
    "pos_INTJ": 0.0,
    "ner_MISC": 0.0,
    "ner_ORG": 0.0
}