{
    "clip_Interview": 0.07512957276819923,
    "NeutralSentProb": 0.06688539783858971,
    "clip_Speech": 0.06449806996447632,
    "clip_Studio": 0.05730393184816329,
    "clip_PoliceFrwr": 0.05425353583608908,
    "clip_Anchor": 0.05336078225458943,
    "clip_Indoor": 0.04608272867439282,
    "clip_Voiceover": 0.04216558527349498,
    "clip_Polit": 0.041203646347112925,
    "clip_Celeb": 0.037125751740636294,
    "clip_Layperson": 0.03304513624331119,
    "clip_Outdoor": 0.02838837334324767,
    "speaker_before_img_sim": 0.02564844353209834,
    "clip_PolitRight": 0.024090302394923647,
    "clip_ExpOth": 0.02381008359711986,
    "clip_Talkinghead": 0.02108668196256565,
    "clip_Reporter": 0.019623357947379794,
    "pos_PRON": 0.019373248408710596,
    "clip_PolitAmpel": 0.01837542023332126,
    "clip_DoctorNurse": 0.017672064336691575,
    "LengthOfSpeech": 0.01702208062083689,
    "clip_ExpMedicine": 0.014713136867208996,
    "clip_Xcov": 0.01417035643431366,
    "NegativeSentProb": 0.012914420143927843,
    "Avg_Shotdensity": 0.012696490361659379,
    "speaker_after_img_sim": 0.010995433780778944,
    "clip_PolitOther": 0.010971654620631443,
    "clip_Polit-n-de": 0.010574818550253514,
    "clip_Commenting": 0.010493795271113788,
    "clip_4cov": 0.010452522284189431,
    "pos_NOUN": 0.00983614682405465,
    "pos_PROPN": 0.009811413705437142,
    "speaker_before_sent_sim": 0.009589987615364254,
    "PositiveSentProb": 0.00947741013899533,
    "NumberOfShots": 0.008098134226402369,
    "pos_ADP": 0.007199102399785909,
    "speaker_after_sent_sim": 0.007066081156290509,
    "pos_AUX": 0.006622917826663687,
    "pos_DET": 0.006298586345554084,
    "pos_ADV": 0.00494678412098516,
    "pos_VERB": 0.004571271229316569,
    "pos_X": 0.004250633419776333,
    "pos_CONJ": 0.004171103977378849,
    "pos_ADJ": 0.0034682277453516913,
    "pos_PART": 0.0029525213861968155,
    "ner_LOC": 0.002831782331050867,
    "ner_MISC": 0.0016221930127869506,
    "pos_NUM": 0.0015606872883923595,
    "ner_EPER": 0.0005600182058428092,
    "ner_ORG": 0.0005220079227969775,
    "ner_LPER": 0.00041616564154911545,
    "pos_INTJ": 0.0
}