{
    "clip_Interview": 0.06778933991716472,
    "NeutralSentProb": 0.06524744095646529,
    "clip_Voiceover": 0.06012997585235086,
    "clip_Studio": 0.058171498105729684,
    "clip_Speech": 0.04772169951005767,
    "clip_Indoor": 0.04451549247664395,
    "pos_PRON": 0.03764243458793671,
    "clip_Layperson": 0.037461626790553516,
    "clip_Celeb": 0.033608163321494945,
    "clip_Outdoor": 0.03269035034642296,
    "LengthOfSpeech": 0.03046573972412226,
    "clip_Anchor": 0.030125674777912566,
    "clip_Talkinghead": 0.02873099663652629,
    "speaker_before_img_sim": 0.028337915290363554,
    "clip_PoliceFrwr": 0.02660645630811377,
    "clip_PolitRight": 0.02480094608641873,
    "NegativeSentProb": 0.02245947536687268,
    "clip_Polit": 0.01995126208741166,
    "clip_DoctorNurse": 0.019769015761382784,
    "clip_ExpOth": 0.01950669319637493,
    "PositiveSentProb": 0.01845165436802913,
    "clip_ExpMedicine": 0.0181337731654614,
    "clip_Polit-n-de": 0.017309752342434575,
    "clip_4cov": 0.016469581483682983,
    "Avg_Shotdensity": 0.016273579104919587,
    "clip_Xcov": 0.014912961292873622,
    "clip_PolitAmpel": 0.014101146078950045,
    "clip_Reporter": 0.013794476950343523,
    "pos_NOUN": 0.012349898914887416,
    "speaker_after_img_sim": 0.01188869735933671,
    "NumberOfShots": 0.010473668530773894,
    "clip_Commenting": 0.010446673698587355,
    "clip_PolitOther": 0.009680276999526742,
    "pos_ADP": 0.009269467267316464,
    "pos_PROPN": 0.009114967075445585,
    "pos_AUX": 0.007073160534121023,
    "speaker_before_sent_sim": 0.006809908765852345,
    "pos_ADV": 0.006804071302311028,
    "pos_DET": 0.0063550219857060825,
    "pos_VERB": 0.006320155968906796,
    "pos_X": 0.0063173509757612325,
    "speaker_after_sent_sim": 0.0042106131626972266,
    "pos_PART": 0.004156725668835785,
    "pos_CONJ": 0.0038992809427406258,
    "pos_ADJ": 0.0031248836653559415,
    "ner_LOC": 0.0025798099919559616,
    "ner_EPER": 0.0013819076504169678,
    "pos_NUM": 0.0010263144870308815,
    "ner_MISC": 0.0006333892945082544,
    "ner_LPER": 0.0005084629743504792,
    "ner_ORG": 0.000396170896560947,
    "pos_INTJ": 0.0
}