{
    "clip_Interview": 0.10223930318522155,
    "clip_Anchor": 0.07546223408341081,
    "clip_Studio": 0.0528177392333275,
    "clip_Indoor": 0.048886095670817906,
    "speaker_before_img_sim": 0.04678778731763248,
    "clip_Layperson": 0.0461549556498029,
    "clip_Voiceover": 0.044202316045500706,
    "clip_Celeb": 0.03769831760843402,
    "clip_PolitRight": 0.032351396166876545,
    "clip_Polit-n-de": 0.02673492041000654,
    "clip_Speech": 0.02506089343273025,
    "clip_Reporter": 0.024881608097459,
    "clip_Talkinghead": 0.024362889983292366,
    "clip_PoliceFrwr": 0.023195118837719998,
    "clip_Outdoor": 0.021992659213605364,
    "clip_4cov": 0.02107869577790562,
    "clip_ExpOth": 0.01930467388664246,
    "pos_PRON": 0.01897275751853178,
    "clip_DoctorNurse": 0.017949626532768895,
    "clip_PolitAmpel": 0.017132187909544867,
    "clip_Xcov": 0.01711975048621765,
    "NegativeSentProb": 0.016905364523141266,
    "LengthOfSpeech": 0.015465276931577319,
    "pos_PROPN": 0.015184611292075243,
    "speaker_after_img_sim": 0.014128794058720166,
    "NeutralSentProb": 0.013762694936237866,
    "clip_ExpMedicine": 0.013759659591463282,
    "clip_Polit": 0.013717364687499867,
    "PositiveSentProb": 0.0132549246998007,
    "speaker_before_sent_sim": 0.012862256786910616,
    "pos_NOUN": 0.012685253971654473,
    "clip_PolitOther": 0.01249536203938962,
    "Avg_Shotdensity": 0.011682531154068221,
    "clip_Commenting": 0.011060023741699771,
    "NumberOfShots": 0.010629274413514708,
    "speaker_after_sent_sim": 0.009130854424067936,
    "pos_ADP": 0.008180842739729195,
    "pos_ADV": 0.007084852774150103,
    "pos_VERB": 0.006710151524456916,
    "pos_CONJ": 0.005400031742070821,
    "ner_LOC": 0.0052557569242455094,
    "pos_AUX": 0.00521609064779546,
    "pos_X": 0.004630591985230699,
    "pos_DET": 0.0042681001287538335,
    "pos_PART": 0.003990536901133459,
    "pos_NUM": 0.0031997152445905935,
    "pos_ADJ": 0.002681732646366108,
    "ner_EPER": 0.0008767252714720937,
    "ner_ORG": 0.0005068691613240077,
    "ner_MISC": 0.0004648914656341813,
    "ner_LPER": 0.0004229365437769312,
    "pos_INTJ": 0.0
}