{
    "clip_Interview": 0.15318743884563446,
    "NeutralSentProb": 0.0856550931930542,
    "clip_Layperson": 0.08197902143001556,
    "clip_Studio": 0.07821068167686462,
    "clip_Speech": 0.04502255469560623,
    "clip_Indoor": 0.04450274631381035,
    "pos_PRON": 0.04021262004971504,
    "LengthOfSpeech": 0.03998058661818504,
    "clip_Talkinghead": 0.039077140390872955,
    "pos_NOUN": 0.03279070183634758,
    "clip_Voiceover": 0.0322539247572422,
    "NegativeSentProb": 0.029860258102416992,
    "clip_Anchor": 0.029769884422421455,
    "clip_Reporter": 0.029724648222327232,
    "clip_PolitRight": 0.017431311309337616,
    "clip_PoliceFrwr": 0.0173929575830698,
    "clip_Celeb": 0.017262401059269905,
    "speaker_before_img_sim": 0.016906313598155975,
    "Avg_Shotdensity": 0.015237199142575264,
    "clip_Polit-n-de": 0.015007785521447659,
    "speaker_before_sent_sim": 0.014866568148136139,
    "clip_ExpOth": 0.014654780738055706,
    "clip_ExpMedicine": 0.013525093905627728,
    "PositiveSentProb": 0.01178512629121542,
    "pos_AUX": 0.011499710381031036,
    "pos_ADP": 0.009910468943417072,
    "pos_PROPN": 0.009560259990394115,
    "clip_Outdoor": 0.009345829486846924,
    "speaker_after_img_sim": 0.00777106499299407,
    "clip_PolitOther": 0.0077162738889455795,
    "clip_Xcov": 0.007336112670600414,
    "clip_Commenting": 0.007176669780164957,
    "clip_DoctorNurse": 0.006019626744091511,
    "clip_4cov": 0.005842551589012146,
    "clip_PolitAmpel": 0.0015246050897985697,
    "clip_Polit": 0.0,
    "speaker_after_sent_sim": 0.0,
    "pos_ADJ": 0.0,
    "pos_ADV": 0.0,
    "pos_CONJ": 0.0,
    "pos_DET": 0.0,
    "pos_INTJ": 0.0,
    "pos_NUM": 0.0,
    "pos_PART": 0.0,
    "pos_VERB": 0.0,
    "pos_X": 0.0,
    "ner_EPER": 0.0,
    "ner_LPER": 0.0,
    "ner_LOC": 0.0,
    "ner_ORG": 0.0,
    "ner_MISC": 0.0,
    "NumberOfShots": 0.0
}