{
    "NeutralSentProb": 0.28200793266296387,
    "clip_Indoor": 0.10421375185251236,
    "clip_Interview": 0.08840238302946091,
    "clip_Polit": 0.07095799595117569,
    "clip_Speech": 0.04086030274629593,
    "clip_Anchor": 0.04053991287946701,
    "clip_Studio": 0.0368211530148983,
    "clip_Talkinghead": 0.031778570264577866,
    "clip_Voiceover": 0.024601340293884277,
    "clip_PolitRight": 0.023423459380865097,
    "speaker_before_img_sim": 0.021526115015149117,
    "pos_NOUN": 0.01928459294140339,
    "Avg_Shotdensity": 0.01761106215417385,
    "pos_ADP": 0.01678229309618473,
    "clip_Layperson": 0.016578489914536476,
    "speaker_before_sent_sim": 0.016084499657154083,
    "NegativeSentProb": 0.015104524791240692,
    "clip_Reporter": 0.014315837994217873,
    "pos_PRON": 0.013596140779554844,
    "clip_PolitAmpel": 0.012135675176978111,
    "clip_ExpOth": 0.010667824186384678,
    "clip_PoliceFrwr": 0.009755641222000122,
    "PositiveSentProb": 0.00944483745843172,
    "speaker_after_sent_sim": 0.007259170524775982,
    "pos_AUX": 0.006563128903508186,
    "clip_Commenting": 0.00563507154583931,
    "clip_ExpMedicine": 0.005321482662111521,
    "clip_DoctorNurse": 0.005097679793834686,
    "LengthOfSpeech": 0.005048956256359816,
    "clip_Xcov": 0.004765920806676149,
    "NumberOfShots": 0.003853029105812311,
    "pos_PART": 0.0034816900733858347,
    "clip_Outdoor": 0.0030623001512140036,
    "pos_NUM": 0.0029246641788631678,
    "clip_Polit-n-de": 0.0027141249738633633,
    "clip_PolitOther": 0.0024720944929867983,
    "clip_Celeb": 0.0019825848285108805,
    "speaker_after_img_sim": 0.0016478709876537323,
    "pos_X": 0.0016277657123282552,
    "pos_ADV": 4.8141813749680296e-05,
    "pos_PROPN": 0.0,
    "clip_4cov": 0.0,
    "ner_MISC": 0.0,
    "pos_CONJ": 0.0,
    "pos_DET": 0.0,
    "ner_LOC": 0.0,
    "ner_ORG": 0.0,
    "pos_INTJ": 0.0,
    "pos_VERB": 0.0,
    "ner_LPER": 0.0,
    "ner_EPER": 0.0,
    "pos_ADJ": 0.0
}