{
    "clip_Interview": 0.10442527383565903,
    "clip_Anchor": 0.09012003242969513,
    "clip_Celeb": 0.07467135787010193,
    "clip_Speech": 0.06719417124986649,
    "clip_Studio": 0.03667067363858223,
    "clip_ExpOth": 0.03570971265435219,
    "clip_Layperson": 0.03392161801457405,
    "clip_Outdoor": 0.03236057981848717,
    "clip_PolitAmpel": 0.030600067228078842,
    "clip_ExpMedicine": 0.026870593428611755,
    "speaker_after_sent_sim": 0.026761865243315697,
    "clip_Polit-n-de": 0.024528786540031433,
    "clip_Indoor": 0.018747525289654732,
    "pos_DET": 0.018628573045134544,
    "pos_X": 0.01860758662223816,
    "LengthOfSpeech": 0.018338866531848907,
    "NumberOfShots": 0.01789226196706295,
    "speaker_before_img_sim": 0.01748429611325264,
    "pos_NOUN": 0.017103997990489006,
    "clip_Xcov": 0.016817450523376465,
    "pos_VERB": 0.016549471765756607,
    "clip_Voiceover": 0.016181083396077156,
    "clip_PolitOther": 0.015391560271382332,
    "pos_PROPN": 0.01507134921848774,
    "speaker_before_sent_sim": 0.014805256389081478,
    "pos_ADV": 0.013765940442681313,
    "clip_PolitRight": 0.013638179749250412,
    "NegativeSentProb": 0.013265772722661495,
    "clip_Polit": 0.013261104933917522,
    "pos_PRON": 0.013087451457977295,
    "clip_4cov": 0.012961752712726593,
    "clip_PoliceFrwr": 0.012212667614221573,
    "clip_Commenting": 0.012194876559078693,
    "clip_Reporter": 0.011495268903672695,
    "PositiveSentProb": 0.0102634122595191,
    "speaker_after_img_sim": 0.010099157691001892,
    "clip_DoctorNurse": 0.009511945769190788,
    "clip_Talkinghead": 0.00940083246678114,
    "pos_NUM": 0.008790175430476665,
    "pos_AUX": 0.007334723137319088,
    "pos_ADJ": 0.007282300386577845,
    "Avg_Shotdensity": 0.004824938252568245,
    "pos_PART": 0.004703953396528959,
    "NeutralSentProb": 0.003517842385917902,
    "pos_CONJ": 0.0029335676226764917,
    "pos_INTJ": 0.0,
    "ner_MISC": 0.0,
    "ner_ORG": 0.0,
    "ner_LOC": 0.0,
    "ner_LPER": 0.0,
    "pos_ADP": 0.0,
    "ner_EPER": 0.0
}